input,ground_truth
"Q: Take the last letters of each words in ""Jeff Jen Giselle Noel"" and concatenate them.
A: Let's think step by step.",fnel
"Q: Take the last letters of each words in ""Rena Devon Rosalinda Paulina"" and concatenate them.
A: Let's think step by step.",anaa
"Q: Take the last letters of each words in ""Rachel Alisa Fanny Jeffery"" and concatenate them.
A: Let's think step by step.",layy
"Q: Take the last letters of each words in ""Wilmer Valerie Melissa Eloisa"" and concatenate them.
A: Let's think step by step.",reaa
"Q: Take the last letters of each words in ""Dorian Mayra Freddie Magaly"" and concatenate them.
A: Let's think step by step.",naey
"Q: Take the last letters of each words in ""Lamont Frederick Lance Esperanza"" and concatenate them.
A: Let's think step by step.",tkea
"Q: Take the last letters of each words in ""Caroline Demetrius Fidel Solomon"" and concatenate them.
A: Let's think step by step.",esln
"Q: Take the last letters of each words in ""Leon Payton Stefan Javi"" and concatenate them.
A: Let's think step by step.",nnni
"Q: Take the last letters of each words in ""Bill Santos Roxy Randi"" and concatenate them.
A: Let's think step by step.",lsyi
"Q: Take the last letters of each words in ""Franklin Rochelle Brent Sarai"" and concatenate them.
A: Let's think step by step.",neti
"Q: Take the last letters of each words in ""Cat Alisha Ramon Norberto"" and concatenate them.
A: Let's think step by step.",tano
"Q: Take the last letters of each words in ""Mercedes Adela Susana Rose"" and concatenate them.
A: Let's think step by step.",saae
"Q: Take the last letters of each words in ""Ashish Tracey Varun Emil"" and concatenate them.
A: Let's think step by step.",hynl
"Q: Take the last letters of each words in ""Nicky Eden James Matt"" and concatenate them.
A: Let's think step by step.",ynst
"Q: Take the last letters of each words in ""Williams Reza Ashton Lillian"" and concatenate them.
A: Let's think step by step.",sann
"Q: Take the last letters of each words in ""Erwin Chad Margarito Shanna"" and concatenate them.
A: Let's think step by step.",ndoa
"Q: Take the last letters of each words in ""Manuel Aurelio India Rosalba"" and concatenate them.
A: Let's think step by step.",loaa
"Q: Take the last letters of each words in ""Colton Dexter Katy Brayden"" and concatenate them.
A: Let's think step by step.",nryn
"Q: Take the last letters of each words in ""Guillermina Evelin Dominique Johnny"" and concatenate them.
A: Let's think step by step.",aney
"Q: Take the last letters of each words in ""Daniella Dianne Ram Mirian"" and concatenate them.
A: Let's think step by step.",aemn
"Q: Take the last letters of each words in ""Jae Dennis Cris Bernadette"" and concatenate them.
A: Let's think step by step.",esse
"Q: Take the last letters of each words in ""Carla Dolores Cooper Damion"" and concatenate them.
A: Let's think step by step.",asrn
"Q: Take the last letters of each words in ""Nabil Marlene Wendy Jillian"" and concatenate them.
A: Let's think step by step.",leyn
"Q: Take the last letters of each words in ""Andre Oralia Carrie Bruno"" and concatenate them.
A: Let's think step by step.",eaeo
"Q: Take the last letters of each words in ""Amy Ella Amilcar Roman"" and concatenate them.
A: Let's think step by step.",yarn
"Q: Take the last letters of each words in ""Bethany Rakesh Christine Dinesh"" and concatenate them.
A: Let's think step by step.",yheh
"Q: Take the last letters of each words in ""Micaela Kevin Diamond Ty"" and concatenate them.
A: Let's think step by step.",andy
"Q: Take the last letters of each words in ""Laila Audrey Glenn Rhonda"" and concatenate them.
A: Let's think step by step.",ayna
"Q: Take the last letters of each words in ""Lara Greg Ethan Terrence"" and concatenate them.
A: Let's think step by step.",agne
"Q: Take the last letters of each words in ""Victoria Aurora Amalia Princess"" and concatenate them.
A: Let's think step by step.",aaas
"Q: Take the last letters of each words in ""Luisa Tatiana Drake Hillary"" and concatenate them.
A: Let's think step by step.",aaey
"Q: Take the last letters of each words in ""Kelvin Brennan Carina Paty"" and concatenate them.
A: Let's think step by step.",nnay
"Q: Take the last letters of each words in ""Ronnie Kiki Alan Remy"" and concatenate them.
A: Let's think step by step.",einy
"Q: Take the last letters of each words in ""Gus Brock Ava Jenna"" and concatenate them.
A: Let's think step by step.",skaa
"Q: Take the last letters of each words in ""Wesley Marcelo Rodolfo Erick"" and concatenate them.
A: Let's think step by step.",yook
"Q: Take the last letters of each words in ""Prince Rene Vishal Patrick"" and concatenate them.
A: Let's think step by step.",eelk
"Q: Take the last letters of each words in ""Cristobal Dania Li Anna"" and concatenate them.
A: Let's think step by step.",laia
"Q: Take the last letters of each words in ""Oscar George Sanjay Haydee"" and concatenate them.
A: Let's think step by step.",reye
"Q: Take the last letters of each words in ""Breanna Trey Omar Patrice"" and concatenate them.
A: Let's think step by step.",ayre
"Q: Take the last letters of each words in ""Skyler Oliver Cristy Sierra"" and concatenate them.
A: Let's think step by step.",rrya
"Q: Take the last letters of each words in ""Andrés Miles Ronaldo Melinda"" and concatenate them.
A: Let's think step by step.",ssoa
"Q: Take the last letters of each words in ""Itzel Anderson Kenia Edy"" and concatenate them.
A: Let's think step by step.",lnay
"Q: Take the last letters of each words in ""Joyce Leroy Alyssa Maggie"" and concatenate them.
A: Let's think step by step.",eyae
"Q: Take the last letters of each words in ""Katia Mina Cam Ronda"" and concatenate them.
A: Let's think step by step.",aama
"Q: Take the last letters of each words in ""Yasmin Yesenia Carmela Susie"" and concatenate them.
A: Let's think step by step.",naae
"Q: Take the last letters of each words in ""Rosendo Shayla Erica Georgia"" and concatenate them.
A: Let's think step by step.",oaaa
"Q: Take the last letters of each words in ""Gavin Neha Asha Baltazar"" and concatenate them.
A: Let's think step by step.",naar
"Q: Take the last letters of each words in ""Cruz Wilber Marilu Malik"" and concatenate them.
A: Let's think step by step.",zruk
"Q: Take the last letters of each words in ""Gee Joseluis Cory Stefanie"" and concatenate them.
A: Let's think step by step.",esye
"Q: Take the last letters of each words in ""Armando Astrid Anibal Dakota"" and concatenate them.
A: Let's think step by step.",odla
"Q: Take the last letters of each words in ""Missy Erin Lorna Lenny"" and concatenate them.
A: Let's think step by step.",ynay
"Q: Take the last letters of each words in ""Sabrina Pete Mary La"" and concatenate them.
A: Let's think step by step.",aeya
"Q: Take the last letters of each words in ""Jim Dwayne Ricky Artemio"" and concatenate them.
A: Let's think step by step.",meyo
"Q: Take the last letters of each words in ""Camilo Becky Eliza Rebecca"" and concatenate them.
A: Let's think step by step.",oyaa
"Q: Take the last letters of each words in ""Donny Lucero Christopher Gregory"" and concatenate them.
A: Let's think step by step.",yory
"Q: Take the last letters of each words in ""Forrest Juanito Allan Candice"" and concatenate them.
A: Let's think step by step.",tone
"Q: Take the last letters of each words in ""Aj Jd Maddie Francisca"" and concatenate them.
A: Let's think step by step.",jdea
"Q: Take the last letters of each words in ""Geovanny Tom Katelyn Jennifer"" and concatenate them.
A: Let's think step by step.",ymnr
"Q: Take the last letters of each words in ""Liz Andrea Suresh Vera"" and concatenate them.
A: Let's think step by step.",zaha
"Q: Take the last letters of each words in ""Sunny Trisha Paul Guy"" and concatenate them.
A: Let's think step by step.",yaly
"Q: Take the last letters of each words in ""Candy Megan Ed Nathan"" and concatenate them.
A: Let's think step by step.",yndn
"Q: Take the last letters of each words in ""Dana German Alvin Braden"" and concatenate them.
A: Let's think step by step.",annn
"Q: Take the last letters of each words in ""Len Marquis Kylie Sandra"" and concatenate them.
A: Let's think step by step.",nsea
"Q: Take the last letters of each words in ""Rich Parker Edward Milagros"" and concatenate them.
A: Let's think step by step.",hrds
"Q: Take the last letters of each words in ""Marty Justine Edgardo Osman"" and concatenate them.
A: Let's think step by step.",yeon
"Q: Take the last letters of each words in ""Carissa Paige Consuelo Izzy"" and concatenate them.
A: Let's think step by step.",aeoy
"Q: Take the last letters of each words in ""Daryl Owen Myra Aaron"" and concatenate them.
A: Let's think step by step.",lnan
"Q: Take the last letters of each words in ""Yamileth Dane Aron Dee"" and concatenate them.
A: Let's think step by step.",hene
"Q: Take the last letters of each words in ""Maricruz Alfredo Barry Deepak"" and concatenate them.
A: Let's think step by step.",zoyk
"Q: Take the last letters of each words in ""Deandre Moe Jack Vanessa"" and concatenate them.
A: Let's think step by step.",eeka
"Q: Take the last letters of each words in ""Selene Felix Milton Yessica"" and concatenate them.
A: Let's think step by step.",exna
"Q: Take the last letters of each words in ""Lore Erasmo Louis David"" and concatenate them.
A: Let's think step by step.",eosd
"Q: Take the last letters of each words in ""Alain Jerome Kristina Ida"" and concatenate them.
A: Let's think step by step.",neaa
"Q: Take the last letters of each words in ""Denis Gigi Heather Ginger"" and concatenate them.
A: Let's think step by step.",sirr
"Q: Take the last letters of each words in ""Albert Felicia Margo Patty"" and concatenate them.
A: Let's think step by step.",taoy
"Q: Take the last letters of each words in ""Felipe Heidi Nino Bradley"" and concatenate them.
A: Let's think step by step.",eioy
"Q: Take the last letters of each words in ""Thomas Cara Nita Frances"" and concatenate them.
A: Let's think step by step.",saas
"Q: Take the last letters of each words in ""Regina Joel Justice Eli"" and concatenate them.
A: Let's think step by step.",alei
"Q: Take the last letters of each words in ""Mabel Estela Irene May"" and concatenate them.
A: Let's think step by step.",laey
"Q: Take the last letters of each words in ""Adalberto Jamal Carter Robyn"" and concatenate them.
A: Let's think step by step.",olrn
"Q: Take the last letters of each words in ""Eugenio Moises Marion Kirk"" and concatenate them.
A: Let's think step by step.",osnk
"Q: Take the last letters of each words in ""Ace Rosy Kimberly Jean"" and concatenate them.
A: Let's think step by step.",eyyn
"Q: Take the last letters of each words in ""Natalie Gilbert Brian Sanchez"" and concatenate them.
A: Let's think step by step.",etnz
"Q: Take the last letters of each words in ""Virginia Juanita Zak Wayne"" and concatenate them.
A: Let's think step by step.",aake
"Q: Take the last letters of each words in ""Andy Cecilia Gretchen Sandi"" and concatenate them.
A: Let's think step by step.",yani
"Q: Take the last letters of each words in ""Bernie Melina Kelsey Rusty"" and concatenate them.
A: Let's think step by step.",eayy
"Q: Take the last letters of each words in ""Rocio Sandy Anahi Latasha"" and concatenate them.
A: Let's think step by step.",oyia
"Q: Take the last letters of each words in ""Christy Rey Michelle Dolly"" and concatenate them.
A: Let's think step by step.",yyey
"Q: Take the last letters of each words in ""Lizzy Juany Aisha Brenda"" and concatenate them.
A: Let's think step by step.",yyaa
"Q: Take the last letters of each words in ""Denny Carlo Reinaldo Jessi"" and concatenate them.
A: Let's think step by step.",yooi
"Q: Take the last letters of each words in ""Les Jun Noe Juliana"" and concatenate them.
A: Let's think step by step.",snea
"Q: Take the last letters of each words in ""Flora Warren Gwendolyn Alissa"" and concatenate them.
A: Let's think step by step.",anna
"Q: Take the last letters of each words in ""Jorge Luis Mo Alexia Jerry"" and concatenate them.
A: Let's think step by step.",soay
"Q: Take the last letters of each words in ""Reginald Franky Kira Gordon"" and concatenate them.
A: Let's think step by step.",dyan
"Q: Take the last letters of each words in ""Emely Chelsea Vladimir Tyrone"" and concatenate them.
A: Let's think step by step.",yare
"Q: Take the last letters of each words in ""Ron Carl Joann Young"" and concatenate them.
A: Let's think step by step.",nlng
"Q: Take the last letters of each words in ""Russell Mitchell Bee Faith"" and concatenate them.
A: Let's think step by step.",lleh
"Q: Take the last letters of each words in ""Philip Antony Iris Alicia"" and concatenate them.
A: Let's think step by step.",pysa
"Q: Take the last letters of each words in ""Nick Ada Stephany Suzie"" and concatenate them.
A: Let's think step by step.",kaye
"Q: Take the last letters of each words in ""Madeline Mckenzie Louie Dylan"" and concatenate them.
A: Let's think step by step.",eeen
"Q: Take the last letters of each words in ""Desmond Camille Joana Garcia"" and concatenate them.
A: Let's think step by step.",deaa
"Q: Take the last letters of each words in ""Clarissa Shauna Alexis Branden"" and concatenate them.
A: Let's think step by step.",aasn
"Q: Take the last letters of each words in ""Tiara Araceli Michaela Genaro"" and concatenate them.
A: Let's think step by step.",aiao
"Q: Take the last letters of each words in ""Raymundo Jonathon Lexi Rony"" and concatenate them.
A: Let's think step by step.",oniy
"Q: Take the last letters of each words in ""Noah Aubrey Cesar Eliana"" and concatenate them.
A: Let's think step by step.",hyra
"Q: Take the last letters of each words in ""Gabe Dora Aileen Modesto"" and concatenate them.
A: Let's think step by step.",eano
"Q: Take the last letters of each words in ""Violeta Clay Janelle Mac"" and concatenate them.
A: Let's think step by step.",ayec
"Q: Take the last letters of each words in ""Evelyn Mason Shelby Aldo"" and concatenate them.
A: Let's think step by step.",nnyo
"Q: Take the last letters of each words in ""Mari Ximena Leo Antonia"" and concatenate them.
A: Let's think step by step.",iaoa
"Q: Take the last letters of each words in ""Theo Sheila Mariana Esmeralda"" and concatenate them.
A: Let's think step by step.",oaaa
"Q: Take the last letters of each words in ""Jesús Vidal Maxine Gloria"" and concatenate them.
A: Let's think step by step.",slea
"Q: Take the last letters of each words in ""Drew Jhon Jayden Cliff"" and concatenate them.
A: Let's think step by step.",wnnf
"Q: Take the last letters of each words in ""Evan Ray Sofia Alonso"" and concatenate them.
A: Let's think step by step.",nyao
"Q: Take the last letters of each words in ""Britt Tamara Elvis Nayeli"" and concatenate them.
A: Let's think step by step.",tasi
"Q: Take the last letters of each words in ""Matilde Jan Marcel Mimi"" and concatenate them.
A: Let's think step by step.",enli
"Q: Take the last letters of each words in ""Max Mikey Cynthia Holly"" and concatenate them.
A: Let's think step by step.",xyay
"Q: Take the last letters of each words in ""Sherry Ben Allison Anthony"" and concatenate them.
A: Let's think step by step.",ynny
"Q: Take the last letters of each words in ""Connie Elena Tami Stuart"" and concatenate them.
A: Let's think step by step.",eait
"Q: Take the last letters of each words in ""Juliet Ricardo Tita Dianna"" and concatenate them.
A: Let's think step by step.",toaa
"Q: Take the last letters of each words in ""Courtney Ann John Fer"" and concatenate them.
A: Let's think step by step.",ynnr
"Q: Take the last letters of each words in ""Corey Elvin Tino Melvin"" and concatenate them.
A: Let's think step by step.",ynon
"Q: Take the last letters of each words in ""Emilia Jonas Christi Sophia"" and concatenate them.
A: Let's think step by step.",asia
"Q: Take the last letters of each words in ""Marcos Kerri Fabio Stephen"" and concatenate them.
A: Let's think step by step.",sion
"Q: Take the last letters of each words in ""Adrian Marlon Karla Florence"" and concatenate them.
A: Let's think step by step.",nnae
"Q: Take the last letters of each words in ""Tomas Nic Zoila Calvin"" and concatenate them.
A: Let's think step by step.",scan
"Q: Take the last letters of each words in ""Ángel Carlton Sameer Martinez"" and concatenate them.
A: Let's think step by step.",lnrz
"Q: Take the last letters of each words in ""Timmy Katherine Gabriel Nate"" and concatenate them.
A: Let's think step by step.",yele
"Q: Take the last letters of each words in ""Janette Stacey Ronny Kim"" and concatenate them.
A: Let's think step by step.",eyym
"Q: Take the last letters of each words in ""Abel Mallory Theresa Quinn"" and concatenate them.
A: Let's think step by step.",lyan
"Q: Take the last letters of each words in ""Kelly Cheryl Nancy Jojo"" and concatenate them.
A: Let's think step by step.",ylyo
"Q: Take the last letters of each words in ""Pancho Claudio Elaine Vicky"" and concatenate them.
A: Let's think step by step.",ooey
"Q: Take the last letters of each words in ""Darwin Colin Cj Abhishek"" and concatenate them.
A: Let's think step by step.",nnjk
"Q: Take the last letters of each words in ""Justin Neal Jt Lucia"" and concatenate them.
A: Let's think step by step.",nlta
"Q: Take the last letters of each words in ""Belkis Wendell Lissette Patricia"" and concatenate them.
A: Let's think step by step.",slea
"Q: Take the last letters of each words in ""Morgan Perla Joao Marta"" and concatenate them.
A: Let's think step by step.",naoa
"Q: Take the last letters of each words in ""Dan Ruth Xavier Isidro"" and concatenate them.
A: Let's think step by step.",nhro
"Q: Take the last letters of each words in ""Wally Claire Helen Nacho"" and concatenate them.
A: Let's think step by step.",yeno
"Q: Take the last letters of each words in ""Anand Estefania Stanley Lizette"" and concatenate them.
A: Let's think step by step.",daye
"Q: Take the last letters of each words in ""Charity Svetlana Jamie Jose A"" and concatenate them.
A: Let's think step by step.",yaeA
"Q: Take the last letters of each words in ""Markus Kathryn Giovanna Kent"" and concatenate them.
A: Let's think step by step.",snat
"Q: Take the last letters of each words in ""Carole William Tiffany Hilary"" and concatenate them.
A: Let's think step by step.",emyy
"Q: Take the last letters of each words in ""Alexa Pilar Rod Nicola"" and concatenate them.
A: Let's think step by step.",arda
"Q: Take the last letters of each words in ""Lorena Shana Priscilla Summer"" and concatenate them.
A: Let's think step by step.",aaar
"Q: Take the last letters of each words in ""Irvin Brittney Vince Lucas"" and concatenate them.
A: Let's think step by step.",nyes
"Q: Take the last letters of each words in ""Pretty Jada Sarita Allen"" and concatenate them.
A: Let's think step by step.",yaan
"Q: Take the last letters of each words in ""Liliana Quincy Bart Makayla"" and concatenate them.
A: Let's think step by step.",ayta
"Q: Take the last letters of each words in ""Ruben Bernardo Ariel Shelley"" and concatenate them.
A: Let's think step by step.",noly
"Q: Take the last letters of each words in ""Jose Luis Kiara Arun Josefina"" and concatenate them.
A: Let's think step by step.",sana
"Q: Take the last letters of each words in ""Kristi Eduardo Angelo Clare"" and concatenate them.
A: Let's think step by step.",iooe
"Q: Take the last letters of each words in ""Sherri Genesis Jeffrey Samir"" and concatenate them.
A: Let's think step by step.",isyr
"Q: Take the last letters of each words in ""Gisela Gerald Mackenzie Ashley"" and concatenate them.
A: Let's think step by step.",adey
"Q: Take the last letters of each words in ""Deanna Terri Gabriela Jonah"" and concatenate them.
A: Let's think step by step.",aiah
"Q: Take the last letters of each words in ""Brandon Ivonne Jefferson Isabella"" and concatenate them.
A: Let's think step by step.",nena
"Q: Take the last letters of each words in ""Rogelio Freddy Ivan Madeleine"" and concatenate them.
A: Let's think step by step.",oyne
"Q: Take the last letters of each words in ""Orlando Colby Julius Ofelia"" and concatenate them.
A: Let's think step by step.",oysa
"Q: Take the last letters of each words in ""Conrad Marcella Annette Esteban"" and concatenate them.
A: Let's think step by step.",daen
"Q: Take the last letters of each words in ""Amparo Gianna Dion Tessa"" and concatenate them.
A: Let's think step by step.",oana
"Q: Take the last letters of each words in ""Glen Ariana Reggie Polo"" and concatenate them.
A: Let's think step by step.",naeo
"Q: Take the last letters of each words in ""Memo Joey Phil Samuel"" and concatenate them.
A: Let's think step by step.",oyll
"Q: Take the last letters of each words in ""Jorge Natalia Bryant Kiran"" and concatenate them.
A: Let's think step by step.",eatn
"Q: Take the last letters of each words in ""Annie Toño Sharon Delores"" and concatenate them.
A: Let's think step by step.",eons
"Q: Take the last letters of each words in ""Silvia Carolina Stan Chuck"" and concatenate them.
A: Let's think step by step.",aank
"Q: Take the last letters of each words in ""Noelle Byron Jane Darin"" and concatenate them.
A: Let's think step by step.",enen
"Q: Take the last letters of each words in ""Diego Val Vincent Stacie"" and concatenate them.
A: Let's think step by step.",olte
"Q: Take the last letters of each words in ""Myriam José Cecy Faisal"" and concatenate them.
A: Let's think step by step.",méyl
"Q: Take the last letters of each words in ""Braulio Staci Jocelyn Brittany"" and concatenate them.
A: Let's think step by step.",oiny
"Q: Take the last letters of each words in ""Kristine Van Marisol Preston"" and concatenate them.
A: Let's think step by step.",enln
"Q: Take the last letters of each words in ""Daphne Lola Joanna Sheena"" and concatenate them.
A: Let's think step by step.",eaaa
"Q: Take the last letters of each words in ""Emiliano Jasmin Wade Vilma"" and concatenate them.
A: Let's think step by step.",onea
"Q: Take the last letters of each words in ""Cristal Roxana Rajesh Danny"" and concatenate them.
A: Let's think step by step.",lahy
"Q: Take the last letters of each words in ""Julia Kirsten Pam Adan"" and concatenate them.
A: Let's think step by step.",anmn
"Q: Take the last letters of each words in ""Wilma Margie Amber Sergio"" and concatenate them.
A: Let's think step by step.",aero
"Q: Take the last letters of each words in ""Jeannie Kenneth Porfirio Ezequiel"" and concatenate them.
A: Let's think step by step.",ehol
"Q: Take the last letters of each words in ""Carlitos Damaris Nikhil Jennie"" and concatenate them.
A: Let's think step by step.",ssle
"Q: Take the last letters of each words in ""Guille Lisa Harvey Gina"" and concatenate them.
A: Let's think step by step.",eaya
"Q: Take the last letters of each words in ""María Fredy Bridgette Kenya"" and concatenate them.
A: Let's think step by step.",ayea
"Q: Take the last letters of each words in ""Tere Niko Keith Conner"" and concatenate them.
A: Let's think step by step.",eohr
"Q: Take the last letters of each words in ""Otto Marjorie Leonor Esther"" and concatenate them.
A: Let's think step by step.",oerr
"Q: Take the last letters of each words in ""Paris Jimmie Andrew Ramón"" and concatenate them.
A: Let's think step by step.",sewn
"Q: Take the last letters of each words in ""Constance Nicholas Will Love"" and concatenate them.
A: Let's think step by step.",esle
"Q: Take the last letters of each words in ""Ramona Lucy Gail Octavio"" and concatenate them.
A: Let's think step by step.",aylo
"Q: Take the last letters of each words in ""Bruce Dena Kyla Robbie"" and concatenate them.
A: Let's think step by step.",eaae
"Q: Take the last letters of each words in ""Glenda Beverly Agustin Igor"" and concatenate them.
A: Let's think step by step.",aynr
"Q: Take the last letters of each words in ""Faustino Lamar Fransisco Rina"" and concatenate them.
A: Let's think step by step.",oroa
"Q: Take the last letters of each words in ""Jeremiah Kelley Josue Veronica"" and concatenate them.
A: Let's think step by step.",hyea
"Q: Take the last letters of each words in ""Beatriz Gillian Coco Vivian"" and concatenate them.
A: Let's think step by step.",znon
"Q: Take the last letters of each words in ""Nico Lorenzo Johanna Teresita"" and concatenate them.
A: Let's think step by step.",ooaa
"Q: Take the last letters of each words in ""Craig Dillon Troy Griselda"" and concatenate them.
A: Let's think step by step.",gnya
"Q: Take the last letters of each words in ""Julio Sidney Aiden Shay"" and concatenate them.
A: Let's think step by step.",oyny
"Q: Take the last letters of each words in ""Angelique Marissa Phyllis Bonnie"" and concatenate them.
A: Let's think step by step.",ease
"Q: Take the last letters of each words in ""Letty Aimee Elvia Ted"" and concatenate them.
A: Let's think step by step.",yead
"Q: Take the last letters of each words in ""Paulo Tatyana Bernice Raúl"" and concatenate them.
A: Let's think step by step.",oael
"Q: Take the last letters of each words in ""Amanda Geoff Belinda Gaurav"" and concatenate them.
A: Let's think step by step.",afav
"Q: Take the last letters of each words in ""Suzanne Julissa Chino America"" and concatenate them.
A: Let's think step by step.",eaoa
"Q: Take the last letters of each words in ""Logan Ely Abbie Colleen"" and concatenate them.
A: Let's think step by step.",nyen
"Q: Take the last letters of each words in ""Kristy Brandi Lizeth Petra"" and concatenate them.
A: Let's think step by step.",yiha
"Q: Take the last letters of each words in ""Anastasia Thelma Sheri Rosita"" and concatenate them.
A: Let's think step by step.",aaia
"Q: Take the last letters of each words in ""Jordan Yoni Lawrence Aura"" and concatenate them.
A: Let's think step by step.",niea
"Q: Take the last letters of each words in ""Sid Isabelle Jackson Heidy"" and concatenate them.
A: Let's think step by step.",deny
"Q: Take the last letters of each words in ""Vijay Sherrie Doug Suzy"" and concatenate them.
A: Let's think step by step.",yegy
"Q: Take the last letters of each words in ""Cristina Saad Bridget Katie"" and concatenate them.
A: Let's think step by step.",adte
"Q: Take the last letters of each words in ""Dalila Emily Casey Clifford"" and concatenate them.
A: Let's think step by step.",ayyd
"Q: Take the last letters of each words in ""Shawn Tracie Lynne Leila"" and concatenate them.
A: Let's think step by step.",neea
"Q: Take the last letters of each words in ""Rubi Daisy Yadira Santa"" and concatenate them.
A: Let's think step by step.",iyaa
"Q: Take the last letters of each words in ""Dany Hilda Butch Mahesh"" and concatenate them.
A: Let's think step by step.",yahh
"Q: Take the last letters of each words in ""Jermaine Pat Tammie Olivia"" and concatenate them.
A: Let's think step by step.",etea
"Q: Take the last letters of each words in ""Seth Dario Anne Jodie"" and concatenate them.
A: Let's think step by step.",hoee
"Q: Take the last letters of each words in ""Issa Kendra Ignacio Henry"" and concatenate them.
A: Let's think step by step.",aaoy
"Q: Take the last letters of each words in ""Johan Damien Serena Grace"" and concatenate them.
A: Let's think step by step.",nnae
"Q: Take the last letters of each words in ""Bri Roger Eve Diana"" and concatenate them.
A: Let's think step by step.",irea
"Q: Take the last letters of each words in ""Ale Gaspar Sonny Simon"" and concatenate them.
A: Let's think step by step.",eryn
"Q: Take the last letters of each words in ""Altagracia Howard Patti Douglas"" and concatenate them.
A: Let's think step by step.",adis
"Q: Take the last letters of each words in ""Guillermo Gerry Lizbeth Charly"" and concatenate them.
A: Let's think step by step.",oyhy
"Q: Take the last letters of each words in ""Marcia Belen Reyna Britney"" and concatenate them.
A: Let's think step by step.",anay
"Q: Take the last letters of each words in ""Sonya Eddy Carol Yung"" and concatenate them.
A: Let's think step by step.",aylg
"Q: Take the last letters of each words in ""June Robin Josie Bo"" and concatenate them.
A: Let's think step by step.",eneo
"Q: Take the last letters of each words in ""Meagan Naomi Israel Marie"" and concatenate them.
A: Let's think step by step.",nile
"Q: Take the last letters of each words in ""Alec Arianna Corina Juancarlos"" and concatenate them.
A: Let's think step by step.",caas
"Q: Take the last letters of each words in ""Todd Joni Gil Fran"" and concatenate them.
A: Let's think step by step.",diln
"Q: Take the last letters of each words in ""Vicki Dwight Johnson Alexandra"" and concatenate them.
A: Let's think step by step.",itna
"Q: Take the last letters of each words in ""Chance Valentin Micah Clara"" and concatenate them.
A: Let's think step by step.",enha
"Q: Take the last letters of each words in ""Elizabeth Mitch Brooke Jordyn"" and concatenate them.
A: Let's think step by step.",hhen
"Q: Take the last letters of each words in ""Mia Art Samantha Lety"" and concatenate them.
A: Let's think step by step.",atay
"Q: Take the last letters of each words in ""Juan Jose Dalia Destiny Amelia"" and concatenate them.
A: Let's think step by step.",eaya
"Q: Take the last letters of each words in ""Donovan Lonnie Jairo Mariah"" and concatenate them.
A: Let's think step by step.",neoh
"Q: Take the last letters of each words in ""Renata Mariela Mona Kristin"" and concatenate them.
A: Let's think step by step.",aaan
"Q: Take the last letters of each words in ""Cassie Clifton Erik Everardo"" and concatenate them.
A: Let's think step by step.",enko
"Q: Take the last letters of each words in ""Lewis Azucena Kai Ravi"" and concatenate them.
A: Let's think step by step.",saii
"Q: Take the last letters of each words in ""Yajaira Terrell Adam Lexie"" and concatenate them.
A: Let's think step by step.",alme
"Q: Take the last letters of each words in ""Clayton Edison Debbie Elvira"" and concatenate them.
A: Let's think step by step.",nnea
"Q: Take the last letters of each words in ""Ira Paola Jose Antonio Maria"" and concatenate them.
A: Let's think step by step.",aaoa
"Q: Take the last letters of each words in ""Roberta Mauro Clint Marcela"" and concatenate them.
A: Let's think step by step.",aota
"Q: Take the last letters of each words in ""Yan Eunice Joseph Hugh"" and concatenate them.
A: Let's think step by step.",nehh
"Q: Take the last letters of each words in ""Frank Trevor Al Gabriella"" and concatenate them.
A: Let's think step by step.",krla
"Q: Take the last letters of each words in ""Michele Karan Abraham Ellen"" and concatenate them.
A: Let's think step by step.",enmn
"Q: Take the last letters of each words in ""Angeles Richard Luciana Darlene"" and concatenate them.
A: Let's think step by step.",sdae
"Q: Take the last letters of each words in ""Debi Raymond Luis Federico"" and concatenate them.
A: Let's think step by step.",idso
"Q: Take the last letters of each words in ""Andres Mary Ann Sydney Dina"" and concatenate them.
A: Let's think step by step.",snya
"Q: Take the last letters of each words in ""Jaime Brad Levi Emmanuel"" and concatenate them.
A: Let's think step by step.",edil
"Q: Take the last letters of each words in ""Gerson Roxanne Deborah Nathaniel"" and concatenate them.
A: Let's think step by step.",nehl
"Q: Take the last letters of each words in ""Wilson Abbey Harold Nelly"" and concatenate them.
A: Let's think step by step.",nydy
"Q: Take the last letters of each words in ""Dustin Luiz Rolando Connor"" and concatenate them.
A: Let's think step by step.",nzor
"Q: Take the last letters of each words in ""Carmelo Tony Susan Sara"" and concatenate them.
A: Let's think step by step.",oyna
"Q: Take the last letters of each words in ""Nery Cindy Jess Chris"" and concatenate them.
A: Let's think step by step.",yyss
"Q: Take the last letters of each words in ""Arnold Aidan Ally Ami"" and concatenate them.
A: Let's think step by step.",dnyi
"Q: Take the last letters of each words in ""Meg Andrey Gerard Lilia"" and concatenate them.
A: Let's think step by step.",gyda
"Q: Take the last letters of each words in ""Lilian Ian Bryce Aracely"" and concatenate them.
A: Let's think step by step.",nney
"Q: Take the last letters of each words in ""Trish Vero Victor Clemente"" and concatenate them.
A: Let's think step by step.",hore
"Q: Take the last letters of each words in ""Estrella Madison Paco Rj"" and concatenate them.
A: Let's think step by step.",anoj
"Q: Take the last letters of each words in ""Kali Jeanette Tess Devin"" and concatenate them.
A: Let's think step by step.",iesn
"Q: Take the last letters of each words in ""Ubaldo Katrina Francis Lynn"" and concatenate them.
A: Let's think step by step.",oasn
"Q: Take the last letters of each words in ""Leticia Jacinto Natasha Raphael"" and concatenate them.
A: Let's think step by step.",aoal
"Q: Take the last letters of each words in ""Miguel Angel Saul Brady Darryl"" and concatenate them.
A: Let's think step by step.",llyl
"Q: Take the last letters of each words in ""Mya Fernando Bubba Tommy"" and concatenate them.
A: Let's think step by step.",aoay
"Q: Take the last letters of each words in ""Julieta Zachary Jared Tyson"" and concatenate them.
A: Let's think step by step.",aydn
"Q: Take the last letters of each words in ""Salvatore Gustavo Jill Celeste"" and concatenate them.
A: Let's think step by step.",eole
"Q: Take the last letters of each words in ""Pauline Kerry Jeannette Hope"" and concatenate them.
A: Let's think step by step.",eyee
"Q: Take the last letters of each words in ""Conor Randall Oleg Stephanie"" and concatenate them.
A: Let's think step by step.",rlge
"Q: Take the last letters of each words in ""Mauricio Lee Madi Lizzie"" and concatenate them.
A: Let's think step by step.",oeie
"Q: Take the last letters of each words in ""Dusty Yanet Hortencia Lili"" and concatenate them.
A: Let's think step by step.",ytai
"Q: Take the last letters of each words in ""Abdi Clyde Ana Maria Pepe"" and concatenate them.
A: Let's think step by step.",ieae
"Q: Take the last letters of each words in ""Barb Gage Kristian Asia"" and concatenate them.
A: Let's think step by step.",bena
"Q: Take the last letters of each words in ""Debora Jayson Donna Sai"" and concatenate them.
A: Let's think step by step.",anai
"Q: Take the last letters of each words in ""Noelia Cassidy Ashok Francisco"" and concatenate them.
A: Let's think step by step.",ayko
"Q: Take the last letters of each words in ""Lupita Cyndi Kay Derrick"" and concatenate them.
A: Let's think step by step.",aiyk
"Q: Take the last letters of each words in ""Margarita Anabel Shaun Celina"" and concatenate them.
A: Let's think step by step.",alna
"Q: Take the last letters of each words in ""Lesley Luna Nadia Adriana"" and concatenate them.
A: Let's think step by step.",yaaa
"Q: Take the last letters of each words in ""Arthur Shan Norman Manny"" and concatenate them.
A: Let's think step by step.",rnny
"Q: Take the last letters of each words in ""Eugenia Kellie Quentin Mike"" and concatenate them.
A: Let's think step by step.",aene
"Q: Take the last letters of each words in ""Hank Janine Frankie Isa"" and concatenate them.
A: Let's think step by step.",keea
"Q: Take the last letters of each words in ""Lazaro Ana Charlotte Precious"" and concatenate them.
A: Let's think step by step.",oaes
"Q: Take the last letters of each words in ""Tim Candace Cecil Misael"" and concatenate them.
A: Let's think step by step.",mell
"Q: Take the last letters of each words in ""Steph Pablo Ceci Francine"" and concatenate them.
A: Let's think step by step.",hoie
"Q: Take the last letters of each words in ""Janice Shelly Arnulfo Nestor"" and concatenate them.
A: Let's think step by step.",eyor
"Q: Take the last letters of each words in ""Gabi Dante Rafa Tricia"" and concatenate them.
A: Let's think step by step.",ieaa
"Q: Take the last letters of each words in ""Kristie Johnnie Marisa Derick"" and concatenate them.
A: Let's think step by step.",eeak
"Q: Take the last letters of each words in ""Jr Meredith Zoe Robby"" and concatenate them.
A: Let's think step by step.",rhey
"Q: Take the last letters of each words in ""Emanuel Cheyenne Perez Yvette"" and concatenate them.
A: Let's think step by step.",leze
"Q: Take the last letters of each words in ""Lucio Víctor Lester Allie"" and concatenate them.
A: Let's think step by step.",orre
"Q: Take the last letters of each words in ""Arturo Dominick Christa Myles"" and concatenate them.
A: Let's think step by step.",okas
"Q: Take the last letters of each words in ""Angela Krista Cora Denisse"" and concatenate them.
A: Let's think step by step.",aaae
"Q: Take the last letters of each words in ""Larissa Shawna Alma Paulette"" and concatenate them.
A: Let's think step by step.",aaae
"Q: Take the last letters of each words in ""Niki Graham Vernon Beau"" and concatenate them.
A: Let's think step by step.",imnu
"Q: Take the last letters of each words in ""Sue Cassandra Cody Cali"" and concatenate them.
A: Let's think step by step.",eayi
"Q: Take the last letters of each words in ""Marcy Gonzalez Alice Arlene"" and concatenate them.
A: Let's think step by step.",yzee
"Q: Take the last letters of each words in ""Fernanda Magda Elmer Alvaro"" and concatenate them.
A: Let's think step by step.",aaro
"Q: Take the last letters of each words in ""Martin Sage Tanisha Rick"" and concatenate them.
A: Let's think step by step.",neak
"Q: Take the last letters of each words in ""Latoya Eliseo Trina Melisa"" and concatenate them.
A: Let's think step by step.",aoaa
"Q: Take the last letters of each words in ""Juan Manuel Benjamin Rory Rafael"" and concatenate them.
A: Let's think step by step.",lnyl
"Q: Take the last letters of each words in ""Fred Nolan Johnathan Carson"" and concatenate them.
A: Let's think step by step.",dnnn
"Q: Take the last letters of each words in ""Jeremy Simone Alondra Wyatt"" and concatenate them.
A: Let's think step by step.",yeat
"Q: Take the last letters of each words in ""Jon Heath Reynaldo Catherine"" and concatenate them.
A: Let's think step by step.",nhoe
"Q: Take the last letters of each words in ""Ernest Yuri Camila Ashlee"" and concatenate them.
A: Let's think step by step.",tiae
"Q: Take the last letters of each words in ""Salma Pj Gladis Monica"" and concatenate them.
A: Let's think step by step.",ajsa
"Q: Take the last letters of each words in ""Lucky Mireya Jj Kc"" and concatenate them.
A: Let's think step by step.",yajc
"Q: Take the last letters of each words in ""Bj Rigo Nigel Christian"" and concatenate them.
A: Let's think step by step.",joln
"Q: Take the last letters of each words in ""Elise Lupe Renee Noemi"" and concatenate them.
A: Let's think step by step.",eeei
"Q: Take the last letters of each words in ""Pedro Leopoldo Tee Mar"" and concatenate them.
A: Let's think step by step.",ooer
"Q: Take the last letters of each words in ""Jesse Roderick Travis Rita"" and concatenate them.
A: Let's think step by step.",eksa
"Q: Take the last letters of each words in ""Mickey Dom Lilly Eloy"" and concatenate them.
A: Let's think step by step.",ymyy
"Q: Take the last letters of each words in ""Kristopher Deb Jake Tammy"" and concatenate them.
A: Let's think step by step.",rbey
"Q: Take the last letters of each words in ""Whitney Erika Tj Benito"" and concatenate them.
A: Let's think step by step.",yajo
"Q: Take the last letters of each words in ""Bob Aman Richie Sana"" and concatenate them.
A: Let's think step by step.",bnea
"Q: Take the last letters of each words in ""Chuy Shane Jaden Maynor"" and concatenate them.
A: Let's think step by step.",yenr
"Q: Take the last letters of each words in ""Elva Kari Shirley Gilberto"" and concatenate them.
A: Let's think step by step.",aiyo
"Q: Take the last letters of each words in ""Leanne Lulu Lopez Jp"" and concatenate them.
A: Let's think step by step.",euzp
"Q: Take the last letters of each words in ""Hayden Maya Zack Roberto"" and concatenate them.
A: Let's think step by step.",nako
"Q: Take the last letters of each words in ""Rashad Savannah Flavio Bert"" and concatenate them.
A: Let's think step by step.",dhot
"Q: Take the last letters of each words in ""Beatrice Taylor Juan Carlos Kaitlin"" and concatenate them.
A: Let's think step by step.",ersn
"Q: Take the last letters of each words in ""Lora Alberto Cathy Kara"" and concatenate them.
A: Let's think step by step.",aoya
"Q: Take the last letters of each words in ""Yessenia Geraldine Minerva Tanya"" and concatenate them.
A: Let's think step by step.",aeaa
"Q: Take the last letters of each words in ""Mel Josh Alejandra Harley"" and concatenate them.
A: Let's think step by step.",lhay
"Q: Take the last letters of each words in ""Delia Kathleen Mateo Marvin"" and concatenate them.
A: Let's think step by step.",anon
"Q: Take the last letters of each words in ""Maria Elena Dewayne Mj Elliott"" and concatenate them.
A: Let's think step by step.",aejt
"Q: Take the last letters of each words in ""Jason Betty Elisa Jay"" and concatenate them.
A: Let's think step by step.",nyay
"Q: Take the last letters of each words in ""Buddy Violet Johana Tina"" and concatenate them.
A: Let's think step by step.",ytaa
"Q: Take the last letters of each words in ""Antonio Ronald Ken Rachael"" and concatenate them.
A: Let's think step by step.",odnl
"Q: Take the last letters of each words in ""Salvador Sol Tyler Kareem"" and concatenate them.
A: Let's think step by step.",rlrm
"Q: Take the last letters of each words in ""Ralph Jeanne Kyle Alejandro"" and concatenate them.
A: Let's think step by step.",heeo
"Q: Take the last letters of each words in ""Alonzo Dorothy Alfred Rodriguez"" and concatenate them.
A: Let's think step by step.",oydz
"Q: Take the last letters of each words in ""Sonia Griffin Claude Josephine"" and concatenate them.
A: Let's think step by step.",anee
"Q: Take the last letters of each words in ""Maureen Fabian Claudette Peyton"" and concatenate them.
A: Let's think step by step.",nnen
"Q: Take the last letters of each words in ""Blaine Syed Priya Ruby"" and concatenate them.
A: Let's think step by step.",eday
"Q: Take the last letters of each words in ""Gabby Reese Leah Celia"" and concatenate them.
A: Let's think step by step.",yeha
"Q: Take the last letters of each words in ""Jacky Socorro Mark Wanda"" and concatenate them.
A: Let's think step by step.",yoka
"Q: Take the last letters of each words in ""Axel Osvaldo Mildred Sylvia"" and concatenate them.
A: Let's think step by step.",loda
"Q: Take the last letters of each words in ""Tristan Marleny Santiago Viviana"" and concatenate them.
A: Let's think step by step.",nyoa
"Q: Take the last letters of each words in ""Blanca Monika Ervin Lori"" and concatenate them.
A: Let's think step by step.",aani
"Q: Take the last letters of each words in ""Lionel Fiona Bobby Janeth"" and concatenate them.
A: Let's think step by step.",layh
"Q: Take the last letters of each words in ""Blake Hunter Lou Spencer"" and concatenate them.
A: Let's think step by step.",erur
"Q: Take the last letters of each words in ""Edwin Lovely Curt Damon"" and concatenate them.
A: Let's think step by step.",nytn
"Q: Take the last letters of each words in ""Marc Doris Ernie Gary"" and concatenate them.
A: Let's think step by step.",csey
"Q: Take the last letters of each words in ""Shari Bella Liza Maira"" and concatenate them.
A: Let's think step by step.",iaaa
"Q: Take the last letters of each words in ""Alexander Marina Valentina Mila"" and concatenate them.
A: Let's think step by step.",raaa
"Q: Take the last letters of each words in ""Cristian Nik Gwen Josiah"" and concatenate them.
A: Let's think step by step.",nknh
"Q: Take the last letters of each words in ""Stevie Julie Leonard Karina"" and concatenate them.
A: Let's think step by step.",eeda
"Q: Take the last letters of each words in ""Dallas Uriel Brendan Julian"" and concatenate them.
A: Let's think step by step.",slnn
"Q: Take the last letters of each words in ""Fausto Tito Jade Terrance"" and concatenate them.
A: Let's think step by step.",ooee
"Q: Take the last letters of each words in ""Christina Edna Ileana Lynette"" and concatenate them.
A: Let's think step by step.",aaae
"Q: Take the last letters of each words in ""Dave Ernesto Liam Marsha"" and concatenate them.
A: Let's think step by step.",eoma
"Q: Take the last letters of each words in ""Paula Irina Laurel Maribel"" and concatenate them.
A: Let's think step by step.",aall
"Q: Take the last letters of each words in ""Lino Mariel Aditya Elisabeth"" and concatenate them.
A: Let's think step by step.",olah
"Q: Take the last letters of each words in ""Imelda Andi Mack Rigoberto"" and concatenate them.
A: Let's think step by step.",aiko
"Q: Take the last letters of each words in ""Manish Lu Karl Don"" and concatenate them.
A: Let's think step by step.",huln
"Q: Take the last letters of each words in ""Donald Lia Gonzalo Lily"" and concatenate them.
A: Let's think step by step.",daoy
"Q: Take the last letters of each words in ""Irving Hans Moses Nicole"" and concatenate them.
A: Let's think step by step.",gsse
"Q: Take the last letters of each words in ""Elle Alex Irma Stephan"" and concatenate them.
A: Let's think step by step.",exan
"Q: Take the last letters of each words in ""Marshall Herman Faye Grant"" and concatenate them.
A: Let's think step by step.",lnet
"Q: Take the last letters of each words in ""Chloe Flaco Theodore Nathalie"" and concatenate them.
A: Let's think step by step.",eoee
"Q: Take the last letters of each words in ""Marcus Ramirez Junior Arely"" and concatenate them.
A: Let's think step by step.",szry
"Q: Take the last letters of each words in ""Chava Rosalia Kurt Linda"" and concatenate them.
A: Let's think step by step.",aata
"Q: Take the last letters of each words in ""Miranda Jacques Clarence Chandra"" and concatenate them.
A: Let's think step by step.",asea
"Q: Take the last letters of each words in ""Lalo Yolanda Elida Ester"" and concatenate them.
A: Let's think step by step.",oaar
"Q: Take the last letters of each words in ""Jodi Judi Nia Raj"" and concatenate them.
A: Let's think step by step.",iiaj
"Q: Take the last letters of each words in ""Sal Scott Myrna Maximo"" and concatenate them.
A: Let's think step by step.",ltao
"Q: Take the last letters of each words in ""Malcolm Hussein Franco Hugo"" and concatenate them.
A: Let's think step by step.",mnoo
"Q: Take the last letters of each words in ""Maryam Susy Trinity Pearl"" and concatenate them.
A: Let's think step by step.",myyl
"Q: Take the last letters of each words in ""Clinton Yanira Barbara Betsy"" and concatenate them.
A: Let's think step by step.",naay
"Q: Take the last letters of each words in ""Emma Maryann Olga Nataly"" and concatenate them.
A: Let's think step by step.",anay
"Q: Take the last letters of each words in ""Isela Leslie Stacy Ingrid"" and concatenate them.
A: Let's think step by step.",aeyd
"Q: Take the last letters of each words in ""Kristen Herbert Benny El"" and concatenate them.
A: Let's think step by step.",ntyl
"Q: Take the last letters of each words in ""Norma Timothy Willie Mathew"" and concatenate them.
A: Let's think step by step.",ayew
"Q: Take the last letters of each words in ""Phillip Ajay Janie Augusto"" and concatenate them.
A: Let's think step by step.",pyeo
"Q: Take the last letters of each words in ""Alexandria Meghan Autumn Robert"" and concatenate them.
A: Let's think step by step.",annt
"Q: Take the last letters of each words in ""Kendall Matias Kaleb Randy"" and concatenate them.
A: Let's think step by step.",lsby
"Q: Take the last letters of each words in ""Claudia Cole Matthew Juan Pablo"" and concatenate them.
A: Let's think step by step.",aewo
"Q: Take the last letters of each words in ""Sean Rebeca Marco Sami"" and concatenate them.
A: Let's think step by step.",naoi
"Q: Take the last letters of each words in ""Leigh Mindy Rocky Lex"" and concatenate them.
A: Let's think step by step.",hyyx
"Q: Take the last letters of each words in ""Guadalupe Ebony Wil Luke"" and concatenate them.
A: Let's think step by step.",eyle
"Q: Take the last letters of each words in ""Kathy Elsa Alba Ivette"" and concatenate them.
A: Let's think step by step.",yaae
"Q: Take the last letters of each words in ""Angelina Layla Jenny Zane"" and concatenate them.
A: Let's think step by step.",aaye
"Q: Take the last letters of each words in ""Sandeep Graciela Jai Xiomara"" and concatenate them.
A: Let's think step by step.",paia
"Q: Take the last letters of each words in ""Skylar Chrissy Misty Kike"" and concatenate them.
A: Let's think step by step.",ryye
"Q: Take the last letters of each words in ""Barbie Desiree Yaneth Dre"" and concatenate them.
A: Let's think step by step.",eehe
"Q: Take the last letters of each words in ""Zach Trenton Cary Beth"" and concatenate them.
A: Let's think step by step.",hnyh
"Q: Take the last letters of each words in ""Nichole Heriberto Darian Peter"" and concatenate them.
A: Let's think step by step.",eonr
"Q: Take the last letters of each words in ""Fermin Berenice Marianne Eleanor"" and concatenate them.
A: Let's think step by step.",neer
"Q: Take the last letters of each words in ""Nubia Sarah Jalen Kris"" and concatenate them.
A: Let's think step by step.",ahns
"Q: Take the last letters of each words in ""Garrett Eva Joaquin Monique"" and concatenate them.
A: Let's think step by step.",tane
"Q: Take the last letters of each words in ""Georgina Joshua Lindsey César"" and concatenate them.
A: Let's think step by step.",aayr
"Q: Take the last letters of each words in ""Bailey Lourdes Brianna Martín"" and concatenate them.
A: Let's think step by step.",ysan
"Q: Take the last letters of each words in ""Sunil Tiana Darla Darnell"" and concatenate them.
A: Let's think step by step.",laal
"Q: Take the last letters of each words in ""Luz Terence Elder Jazmin"" and concatenate them.
A: Let's think step by step.",zern
"Q: Take the last letters of each words in ""Sally Sadie Christie Ellie"" and concatenate them.
A: Let's think step by step.",yeee
"Q: Take the last letters of each words in ""Billy Kassandra Joy Abe"" and concatenate them.
A: Let's think step by step.",yaye
"Q: Take the last letters of each words in ""Chandler Martina Leonardo Gregg"" and concatenate them.
A: Let's think step by step.",raog
"Q: Take the last letters of each words in ""Carolyn Sasha Mercy Keri"" and concatenate them.
A: Let's think step by step.",nayi
"Q: Take the last letters of each words in ""Allyson Mara Jo Toni"" and concatenate them.
A: Let's think step by step.",naoi
"Q: Take the last letters of each words in ""Garry Arielle Elba Rodney"" and concatenate them.
A: Let's think step by step.",yeay
"Q: Take the last letters of each words in ""Jody Juan Rebekah Kaylee"" and concatenate them.
A: Let's think step by step.",ynhe
"Q: Take the last letters of each words in ""Maritza Nana Loretta Eric"" and concatenate them.
A: Let's think step by step.",aaac
"Q: Take the last letters of each words in ""Damian Crystal Nisha Hernan"" and concatenate them.
A: Let's think step by step.",nlan
"Q: Take the last letters of each words in ""Geo Kody Isaias Giovanni"" and concatenate them.
A: Let's think step by step.",oysi
"Q: Take the last letters of each words in ""Peggy Trent Darrell Pamela"" and concatenate them.
A: Let's think step by step.",ytla
"Q: Take the last letters of each words in ""Michel Roy Sergey Jessie"" and concatenate them.
A: Let's think step by step.",lyye
"Q: Take the last letters of each words in ""Ulises Derek Adrianna Eugene"" and concatenate them.
A: Let's think step by step.",skae
"Q: Take the last letters of each words in ""Oswaldo José Luis Sheldon Tara"" and concatenate them.
A: Let's think step by step.",osna
"Q: Take the last letters of each words in ""Bobbi Tamika Zac Lala"" and concatenate them.
A: Let's think step by step.",iaca
"Q: Take the last letters of each words in ""Charles Emilio Vivek Steve"" and concatenate them.
A: Let's think step by step.",soke
"Q: Take the last letters of each words in ""Selena Keisha Gladys Cedric"" and concatenate them.
A: Let's think step by step.",aasc
"Q: Take the last letters of each words in ""Idalia Arnoldo Marla Duane"" and concatenate them.
A: Let's think step by step.",aoae
"Q: Take the last letters of each words in ""Debby Geoffrey Alana Silvestre"" and concatenate them.
A: Let's think step by step.",yyae
"Q: Take the last letters of each words in ""Vicente Dayana Kasey Lin"" and concatenate them.
A: Let's think step by step.",eayn
"Q: Take the last letters of each words in ""Walter Mikayla Larry Ryan"" and concatenate them.
A: Let's think step by step.",rayn
"Q: Take the last letters of each words in ""Rohan Antoinette Nikki Aida"" and concatenate them.
A: Let's think step by step.",neia
"Q: Take the last letters of each words in ""Marian Joanne Darrin Rohit"" and concatenate them.
A: Let's think step by step.",nent
"Q: Take the last letters of each words in ""Nicolas Aaliyah Pascual Rob"" and concatenate them.
A: Let's think step by step.",shlb
"Q: Take the last letters of each words in ""Yazmin Lea Rodrigo Sammy"" and concatenate them.
A: Let's think step by step.",naoy
"Q: Take the last letters of each words in ""Alina Alessandra Amina Bianca"" and concatenate them.
A: Let's think step by step.",aaaa
"Q: Take the last letters of each words in ""Raven Marisela Ross Angie"" and concatenate them.
A: Let's think step by step.",nase
"Q: Take the last letters of each words in ""Tucker Daniel Hernandez Alison"" and concatenate them.
A: Let's think step by step.",rlzn
"Q: Take the last letters of each words in ""Domingo Briana Michael Joan"" and concatenate them.
A: Let's think step by step.",oaln
"Q: Take the last letters of each words in ""Talia Nicki Tia Divya"" and concatenate them.
A: Let's think step by step.",aiaa
"Q: Take the last letters of each words in ""Krishna Catalina Eileen Teddy"" and concatenate them.
A: Let's think step by step.",aany
"Q: Take the last letters of each words in ""Celso Tracy Winston Anton"" and concatenate them.
A: Let's think step by step.",oynn
"Q: Take the last letters of each words in ""Antoine Javier Brett Stewart"" and concatenate them.
A: Let's think step by step.",ertt
"Q: Take the last letters of each words in ""Hailey Avi Bree Samira"" and concatenate them.
A: Let's think step by step.",yiea
"Q: Take the last letters of each words in ""Dino Toby Abigail Manuela"" and concatenate them.
A: Let's think step by step.",oyla
"Q: Take the last letters of each words in ""Anil Enrique Jimmy Jhonny"" and concatenate them.
A: Let's think step by step.",leyy
"Q: Take the last letters of each words in ""Lynda Danilo Jonny Judith"" and concatenate them.
A: Let's think step by step.",aoyh
"Q: Take the last letters of each words in ""Miriam Brandy Bertha Renato"" and concatenate them.
A: Let's think step by step.",myao
"Q: Take the last letters of each words in ""Melody Ramiro Humberto Jacob"" and concatenate them.
A: Let's think step by step.",yoob
"Q: Take the last letters of each words in ""Jazmine Carmen Kitty Nina"" and concatenate them.
A: Let's think step by step.",enya
"Q: Take the last letters of each words in ""Neil Dani Eddie Marcelino"" and concatenate them.
A: Let's think step by step.",lieo
"Q: Take the last letters of each words in ""Charmaine Vic Homero Jeanine"" and concatenate them.
A: Let's think step by step.",ecoe
"Q: Take the last letters of each words in ""Gayle Doreen Chelsey Helena"" and concatenate them.
A: Let's think step by step.",enya
"Q: Take the last letters of each words in ""Martha Elijah Dominic Tonya"" and concatenate them.
A: Let's think step by step.",ahca
"Q: Take the last letters of each words in ""Cinthia Lloyd Jacqueline Jc"" and concatenate them.
A: Let's think step by step.",adec
"Q: Take the last letters of each words in ""Rosario Manoj Adolfo Reina"" and concatenate them.
A: Let's think step by step.",ojoa
"Q: Take the last letters of each words in ""Ivy Romeo Jana Ej"" and concatenate them.
A: Let's think step by step.",yoaj
"Q: Take the last letters of each words in ""Nidia Rachelle Lauren Shelia"" and concatenate them.
A: Let's think step by step.",aena
"Q: Take the last letters of each words in ""Roni Nikita Hannah Kiana"" and concatenate them.
A: Let's think step by step.",iaha
"Q: Take the last letters of each words in ""Angel Sheryl Dulce Kenny"" and concatenate them.
A: Let's think step by step.",lley
"Q: Take the last letters of each words in ""Manolo Bobbie Ash Jaqueline"" and concatenate them.
A: Let's think step by step.",oehe
"Q: Take the last letters of each words in ""Maura Selvin Tabitha Gino"" and concatenate them.
A: Let's think step by step.",anao
"Q: Take the last letters of each words in ""Deon Lane Everett Lindsay"" and concatenate them.
A: Let's think step by step.",nety
"Q: Take the last letters of each words in ""Jenni Leonel Micheal Kat"" and concatenate them.
A: Let's think step by step.",illt
"Q: Take the last letters of each words in ""April Molly Maurice Jaclyn"" and concatenate them.
A: Let's think step by step.",lyen
"Q: Take the last letters of each words in ""Isaac Reyes Carly Tania"" and concatenate them.
A: Let's think step by step.",csya
"Q: Take the last letters of each words in ""Wilfredo Abby Karthik Perry"" and concatenate them.
A: Let's think step by step.",oyky
"Q: Take the last letters of each words in ""Efren Rex Marilyn Emerson"" and concatenate them.
A: Let's think step by step.",nxnn
"Q: Take the last letters of each words in ""Leandro Maricela Genevieve Lesly"" and concatenate them.
A: Let's think step by step.",oaey
"Q: Take the last letters of each words in ""Cheri Rico Teo Jesus"" and concatenate them.
A: Let's think step by step.",ioos
"Q: Take the last letters of each words in ""Jessy Libby Danielle Red"" and concatenate them.
A: Let's think step by step.",yyed
"Q: Take the last letters of each words in ""Scotty Edgar Hanna Austin"" and concatenate them.
A: Let's think step by step.",yran
"Q: Take the last letters of each words in ""Rosie Charlie Mick Jacquelyn"" and concatenate them.
A: Let's think step by step.",eekn
"Q: Take the last letters of each words in ""Rosa Lana Curtis Rae"" and concatenate them.
A: Let's think step by step.",aase
"Q: Take the last letters of each words in ""Teri Lina Mery Melanie"" and concatenate them.
A: Let's think step by step.",iaye
"Q: Take the last letters of each words in ""Sterling Jenifer Patsy Denise"" and concatenate them.
A: Let's think step by step.",grye
"Q: Take the last letters of each words in ""Caleb Chase Eleazar Chanel"" and concatenate them.
A: Let's think step by step.",berl
"Q: Take the last letters of each words in ""King Edith Traci Flor"" and concatenate them.
A: Let's think step by step.",ghir
"Q: Take the last letters of each words in ""Shannon Millie Rosemary Priyanka"" and concatenate them.
A: Let's think step by step.",neya
"Q: Take the last letters of each words in ""Janet Ant Vickie Elias"" and concatenate them.
A: Let's think step by step.",ttes
"Q: Take the last letters of each words in ""Agnes Adrienne Haley Riley"" and concatenate them.
A: Let's think step by step.",seyy
"Q: Take the last letters of each words in ""Gabino Kayla Laurie Familia"" and concatenate them.
A: Let's think step by step.",oaea
"Q: Take the last letters of each words in ""Mario Pierre Amit Nelson"" and concatenate them.
A: Let's think step by step.",oetn
"Q: Take the last letters of each words in ""Angelica Tariq Ursula Nena"" and concatenate them.
A: Let's think step by step.",aqaa
"Q: Take the last letters of each words in ""Bernard Lidia Sebastian Judy"" and concatenate them.
A: Let's think step by step.",dany
"Q: Take the last letters of each words in ""Maxwell Jose Beto Joe"" and concatenate them.
A: Let's think step by step.",leoe
"Q: Take the last letters of each words in ""Margaret Rosi Willy Charlene"" and concatenate them.
A: Let's think step by step.",tiye
"Q: Take the last letters of each words in ""Quinton Sam Soledad Becca"" and concatenate them.
A: Let's think step by step.",nmda
"Q: Take the last letters of each words in ""Donnie Alli Terry Krystal"" and concatenate them.
A: Let's think step by step.",eiyl
"Q: Take the last letters of each words in ""Billie Paloma Tanner Raul"" and concatenate them.
A: Let's think step by step.",earl
"Q: Take the last letters of each words in ""Marco Antonio Suzette Roland Isabel"" and concatenate them.
A: Let's think step by step.",oedl
"Q: Take the last letters of each words in ""Chantal Ines Valeria Francesca"" and concatenate them.
A: Let's think step by step.",lsaa
"Q: Take the last letters of each words in ""Tori Mariam Gaby Brayan"" and concatenate them.
A: Let's think step by step.",imyn
"Q: Take the last letters of each words in ""Rahul Praveen Isaiah Elsie"" and concatenate them.
A: Let's think step by step.",lnhe
"Q: Take the last letters of each words in ""Yvonne Rafaela Jb Salomon"" and concatenate them.
A: Let's think step by step.",eabn
"Q: Take the last letters of each words in ""Carlos Jackie Callie Caitlin"" and concatenate them.
A: Let's think step by step.",seen
"Q: Take the last letters of each words in ""Bret Lois Ismael Mirna"" and concatenate them.
A: Let's think step by step.",tsla
"Q: Take the last letters of each words in ""Ericka Aly Darius Reed"" and concatenate them.
A: Let's think step by step.",aysd
"Q: Take the last letters of each words in ""Héctor Daniela Rossy Jose Manuel"" and concatenate them.
A: Let's think step by step.",rayl
"Q: Take the last letters of each words in ""Louise Mariano Laura Gerardo"" and concatenate them.
A: Let's think step by step.",eoao
"Q: Take the last letters of each words in ""Boris Sabina Kaitlyn Cameron"" and concatenate them.
A: Let's think step by step.",sann
"Q: Take the last letters of each words in ""Alfonso Collin Amado Dick"" and concatenate them.
A: Let's think step by step.",onok
"Q: Take the last letters of each words in ""Earl Rudy Harrison Nadine"" and concatenate them.
A: Let's think step by step.",lyne
"Q: Take the last letters of each words in ""Penny Harry Jessica Horacio"" and concatenate them.
A: Let's think step by step.",yyao
"Q: Take the last letters of each words in ""Star Jude Rosemarie Raquel"" and concatenate them.
A: Let's think step by step.",reel
"Q: Take the last letters of each words in ""Ever Gio Elia Ramesh"" and concatenate them.
A: Let's think step by step.",roah
"Q: Take the last letters of each words in ""Juana Chip Lila Jayme"" and concatenate them.
A: Let's think step by step.",apae
"Q: Take the last letters of each words in ""Selina Tasha Jarrod Maddy"" and concatenate them.
A: Let's think step by step.",aady
"Q: Take the last letters of each words in ""Marlen Sonja Anita Dale"" and concatenate them.
A: Let's think step by step.",naae
"Q: Take the last letters of each words in ""Lacey Nora Debra Ashleigh"" and concatenate them.
A: Let's think step by step.",yaah
"Q: Take the last letters of each words in ""Hilario Magdalena Morris Patricio"" and concatenate them.
A: Let's think step by step.",oaso
"Q: Take the last letters of each words in ""Ari Jasmine Elliot Kendrick"" and concatenate them.
A: Let's think step by step.",ietk
"Q: Take the last letters of each words in ""Stella Janis Darren Lena"" and concatenate them.
A: Let's think step by step.",asna
"Q: Take the last letters of each words in ""Kyra Luciano Ciara Bryan"" and concatenate them.
A: Let's think step by step.",aoan
"Q: Take the last letters of each words in ""Kennedy Ginny Iliana Sky"" and concatenate them.
A: Let's think step by step.",yyay
"Q: Take the last letters of each words in ""Karen Hector Mai Steven"" and concatenate them.
A: Let's think step by step.",nrin
"Q: Take the last letters of each words in ""Lorraine Corinne Kate Floyd"" and concatenate them.
A: Let's think step by step.",eeed
"Q: Take the last letters of each words in ""Davis Jules Fabiola Cherie"" and concatenate them.
A: Let's think step by step.",ssae
"Q: Take the last letters of each words in ""Clark Jenn Diane Blair"" and concatenate them.
A: Let's think step by step.",kner
"Q: Take the last letters of each words in ""Loren Wes Dean Hayley"" and concatenate them.
A: Let's think step by step.",nsny
"Q: Take the last letters of each words in ""Efrain Rickey Jonathan Kelli"" and concatenate them.
A: Let's think step by step.",nyni
"Q: Take the last letters of each words in ""Brooklyn Dawn Tay Gene"" and concatenate them.
A: Let's think step by step.",nnye
"Q: Take the last letters of each words in ""Sophie Gregorio Avery Pooja"" and concatenate them.
A: Let's think step by step.",eoya
"Q: Take the last letters of each words in ""Teresa Reid Karin Gracie"" and concatenate them.
A: Let's think step by step.",adne
"Q: Take the last letters of each words in ""Russ Berta Mandy Lydia"" and concatenate them.
A: Let's think step by step.",saya
"Q: Take the last letters of each words in ""Hazel Gabrielle Tre Dalton"" and concatenate them.
A: Let's think step by step.",leen
"Q: Take the last letters of each words in ""Vinny Landon Miguel Caitlyn"" and concatenate them.
A: Let's think step by step.",ynln
